region_id,hour,pop_sum
1,0,42715.58984
1,1,42566.73828
1,2,42586.42188
1,3,42668.51953
1,4,42891.03125
1,5,43887.76172
1,6,46246.37109
1,7,49096.05078
1,8,51238.67188
1,9,50705.21094
2,0,7893.149902
2,1,7832.779785
2,2,7784.830078
2,3,7838.180176
2,4,7881.810059
2,5,8048.669922
2,6,8296.69043
2,7,8593.049805
2,8,8698.669922
2,9,8173.680176
3,0,11224.4502
3,1,11167.94043
3,2,11264
3,3,11294.87012
3,4,11385.55957
3,5,11845.94043
3,6,12578.11035
3,7,13226.16992
3,8,12672.92969
3,9,11682.54004